track_name,artist_name,genre,danceability,energy,valence,acousticness,tempo
Neon Streets,The Signals,Pop,0.82,0.76,0.68,0.09,118
Afterglow,Mae River,Pop,0.67,0.58,0.62,0.24,105
Midnight Drive,Atlas Lane,Electronic,0.79,0.84,0.54,0.05,124
Sunroom,June Bloom,Indie,0.56,0.42,0.71,0.63,96
Gravity,Northbound,Rock,0.48,0.81,0.39,0.12,132
Paper Planes,Coastline,Indie,0.61,0.49,0.65,0.51,102
City Lights,Orbit Club,Electronic,0.75,0.88,0.47,0.03,128
Golden Hour,Leah Stone,Folk,0.44,0.31,0.73,0.79,88
Runaway Train,The Static,Rock,0.51,0.78,0.44,0.10,126
Blue Skies,Marin Vale,Pop,0.72,0.64,0.81,0.18,112
Low Tide,Harborline,Folk,0.39,0.28,0.46,0.84,76
Pulse,Vector Youth,Electronic,0.84,0.91,0.52,0.02,130
